{"cameraMode":{"drawMode":0,"name":"Shaded","section":"Shading Mode"},"sceneLighting":false,"audioPlay":false,"sceneViewState":{"showFog":true,"showMaterialUpdate":true,"showSkybox":true,"showFlares":true,"showImageEffects":true,"showParticleSystems":true},"in2DMode":false,"pivot":{"x":-0.8090501427650452,"y":4.54423713684082,"z":7.216621398925781},"rotation":{"x":-0.018541475757956506,"y":-0.9639846086502075,"z":0.2559920847415924,"w":-0.06969919055700302},"size":3.7578835487365724,"orthographic":false}