{"cameraMode":{"drawMode":0,"name":"Shaded","section":"Shading Mode"},"sceneLighting":false,"audioPlay":false,"sceneViewState":{"showFog":true,"showMaterialUpdate":true,"showSkybox":true,"showFlares":true,"showImageEffects":true,"showParticleSystems":true},"in2DMode":false,"pivot":{"x":100.90126037597656,"y":-3.868358612060547,"z":-102.33782196044922},"rotation":{"x":-0.04782005026936531,"y":-0.9474599361419678,"z":0.1697913110256195,"w":-0.2668406367301941},"size":52.25578689575195,"orthographic":false}