{"cameraMode":{"drawMode":0,"name":"Shaded","section":"Shading Mode"},"sceneLighting":true,"audioPlay":false,"sceneViewState":{"showFog":true,"showMaterialUpdate":true,"showSkybox":true,"showFlares":true,"showImageEffects":true,"showParticleSystems":true},"in2DMode":false,"pivot":{"x":3423.1484375,"y":-288.64697265625,"z":-818.7152099609375},"rotation":{"x":-0.024600915610790254,"y":-0.7949536442756653,"z":0.032255884259939197,"w":-0.6053124666213989},"size":3678.08837890625,"orthographic":false}