{"cameraMode":{"drawMode":0,"name":"Shaded","section":"Shading Mode"},"sceneLighting":true,"audioPlay":false,"sceneViewState":{"showFog":true,"showMaterialUpdate":true,"showSkybox":true,"showFlares":true,"showImageEffects":true,"showParticleSystems":true},"in2DMode":false,"pivot":{"x":-16.816150665283204,"y":2.6739907264709474,"z":-4.989914894104004},"rotation":{"x":-0.05261177942156792,"y":-0.47436797618865969,"z":0.028413571417331697,"w":-0.8782936334609985},"size":22.0,"orthographic":false}