{"cameraMode":{"drawMode":0,"name":"Shaded","section":"Shading Mode"},"sceneLighting":false,"audioPlay":false,"sceneViewState":{"showFog":true,"showMaterialUpdate":true,"showSkybox":true,"showFlares":true,"showImageEffects":true,"showParticleSystems":true},"in2DMode":false,"pivot":{"x":3.5041494369506838,"y":2.3480424880981447,"z":207.6408233642578},"rotation":{"x":0.018867840990424157,"y":0.7163631916046143,"z":-0.01934024877846241,"w":0.6972042322158814},"size":10.202917098999024,"orthographic":false}