{"cameraMode":{"drawMode":0,"name":"Shaded","section":"Shading Mode"},"sceneLighting":false,"audioPlay":false,"sceneViewState":{"showFog":true,"showMaterialUpdate":true,"showSkybox":true,"showFlares":true,"showImageEffects":true,"showParticleSystems":true},"in2DMode":false,"pivot":{"x":-0.4062325954437256,"y":-0.17033469676971436,"z":0.49581217765808108},"rotation":{"x":-0.025921201333403589,"y":-0.9170765280723572,"z":0.06044737249612808,"w":-0.39324912428855898},"size":4.0943684577941898,"orthographic":false}