{"cameraMode":{"drawMode":0,"name":"Shaded","section":"Shading Mode"},"sceneLighting":true,"audioPlay":false,"sceneViewState":{"showFog":true,"showMaterialUpdate":true,"showSkybox":true,"showFlares":true,"showImageEffects":true,"showParticleSystems":true},"in2DMode":false,"pivot":{"x":52.79562759399414,"y":87.44032287597656,"z":-402.26275634765627},"rotation":{"x":0.13306686282157899,"y":-0.1669427454471588,"z":0.022745750844478608,"w":0.976681113243103},"size":22.0,"orthographic":false}