{"cameraMode":{"drawMode":0,"name":"Shaded","section":"Shading Mode"},"sceneLighting":false,"audioPlay":false,"sceneViewState":{"showFog":true,"showMaterialUpdate":true,"showSkybox":true,"showFlares":true,"showImageEffects":true,"showParticleSystems":true},"in2DMode":false,"pivot":{"x":11.777628898620606,"y":-4.113388538360596,"z":-14.430240631103516},"rotation":{"x":0.03643791005015373,"y":0.9372795820236206,"z":-0.10308710485696793,"w":0.3309869170188904},"size":22.0,"orthographic":false}