{"cameraMode":{"drawMode":0,"name":"Shaded","section":"Shading Mode"},"sceneLighting":false,"audioPlay":false,"sceneViewState":{"showFog":true,"showMaterialUpdate":true,"showSkybox":true,"showFlares":true,"showImageEffects":true,"showParticleSystems":true},"in2DMode":false,"pivot":{"x":-92.22039794921875,"y":18.96217918395996,"z":35.88214111328125},"rotation":{"x":0.054959557950496677,"y":0.8227232098579407,"z":-0.08074361830949784,"w":0.5599879026412964},"size":22.0,"orthographic":false}