{"cameraMode":{"drawMode":0,"name":"Shaded","section":"Shading Mode"},"sceneLighting":false,"audioPlay":false,"sceneViewState":{"showFog":true,"showMaterialUpdate":true,"showSkybox":true,"showFlares":true,"showImageEffects":true,"showParticleSystems":true},"in2DMode":false,"pivot":{"x":1.1227365732192994,"y":0.04867798089981079,"z":-1.6002178192138672},"rotation":{"x":-0.00820915773510933,"y":-0.9870280027389526,"z":0.053378187119960788,"w":-0.15119211375713349},"size":4.041658401489258,"orthographic":false}