{"cameraMode":{"drawMode":0,"name":"Shaded","section":"Shading Mode"},"sceneLighting":true,"audioPlay":false,"sceneViewState":{"showFog":true,"showMaterialUpdate":true,"showSkybox":true,"showFlares":true,"showImageEffects":true,"showParticleSystems":true},"in2DMode":false,"pivot":{"x":17.299732208251954,"y":10.117345809936524,"z":208.3433074951172},"rotation":{"x":0.0006249646539799869,"y":0.9968954920768738,"z":-0.007529537659138441,"w":0.07837330549955368},"size":0.14704149961471559,"orthographic":false}