{"cameraMode":{"drawMode":0,"name":"Shaded","section":"Shading Mode"},"sceneLighting":true,"audioPlay":false,"sceneViewState":{"showFog":true,"showMaterialUpdate":true,"showSkybox":true,"showFlares":true,"showImageEffects":true,"showParticleSystems":true},"in2DMode":false,"pivot":{"x":-2567.115478515625,"y":-976.09228515625,"z":-1686.8526611328125},"rotation":{"x":0.07243433594703675,"y":-0.8695771098136902,"z":0.1341772824525833,"w":0.46966519951820376},"size":3577.24462890625,"orthographic":false}