{"cameraMode":{"drawMode":0,"name":"Shaded","section":"Shading Mode"},"sceneLighting":true,"audioPlay":false,"sceneViewState":{"showFog":true,"showMaterialUpdate":true,"showSkybox":true,"showFlares":true,"showImageEffects":true,"showParticleSystems":true},"in2DMode":false,"pivot":{"x":-20.817956924438478,"y":6.126291751861572,"z":8.997408866882325},"rotation":{"x":-0.0039284611120820049,"y":-0.9890686273574829,"z":0.14498886466026307,"w":-0.02657156251370907},"size":12.943499565124512,"orthographic":false}