{"cameraMode":{"drawMode":0,"name":"Shaded","section":"Shading Mode"},"sceneLighting":false,"audioPlay":false,"sceneViewState":{"showFog":true,"showMaterialUpdate":true,"showSkybox":true,"showFlares":true,"showImageEffects":true,"showParticleSystems":true},"in2DMode":false,"pivot":{"x":2.675917863845825,"y":5.107414245605469,"z":11.015701293945313},"rotation":{"x":0.03599017858505249,"y":0.9623022675514221,"z":-0.21761196851730348,"w":0.15913568437099458},"size":2.8578836917877199,"orthographic":false}