{"cameraMode":{"drawMode":0,"name":"Shaded","section":"Shading Mode"},"sceneLighting":false,"audioPlay":false,"sceneViewState":{"showFog":true,"showMaterialUpdate":true,"showSkybox":true,"showFlares":true,"showImageEffects":true,"showParticleSystems":true},"in2DMode":false,"pivot":{"x":-15.725072860717774,"y":7.1220927238464359,"z":22.136791229248048},"rotation":{"x":-0.03943638503551483,"y":-0.930682897567749,"z":0.1054401695728302,"w":-0.3480755388736725},"size":22.0,"orthographic":false}