{"cameraMode":{"drawMode":0,"name":"Shaded","section":"Shading Mode"},"sceneLighting":false,"audioPlay":false,"sceneViewState":{"showFog":true,"showMaterialUpdate":true,"showSkybox":true,"showFlares":true,"showImageEffects":true,"showParticleSystems":true},"in2DMode":false,"pivot":{"x":3.3306024074554445,"y":2.0489344596862795,"z":3.7948126792907717},"rotation":{"x":-0.12158118933439255,"y":0.8303771615028381,"z":-0.19960157573223115,"w":-0.5058172345161438},"size":2.8578836917877199,"orthographic":false}