{"cameraMode":{"drawMode":0,"name":"Shaded","section":"Shading Mode"},"sceneLighting":false,"audioPlay":false,"sceneViewState":{"showFog":true,"showMaterialUpdate":true,"showSkybox":true,"showFlares":true,"showImageEffects":true,"showParticleSystems":true},"in2DMode":false,"pivot":{"x":10.799541473388672,"y":-3.954707384109497,"z":-12.656719207763672},"rotation":{"x":-0.04663056507706642,"y":-0.9319605231285095,"z":0.12945544719696046,"w":-0.33543479442596438},"size":22.0,"orthographic":false}