{"cameraMode":{"drawMode":0,"name":"Shaded","section":"Shading Mode"},"sceneLighting":false,"audioPlay":false,"sceneViewState":{"showFog":true,"showMaterialUpdate":true,"showSkybox":true,"showFlares":true,"showImageEffects":true,"showParticleSystems":true},"in2DMode":false,"pivot":{"x":-104.85769653320313,"y":18.85662841796875,"z":23.350770950317384},"rotation":{"x":0.024525687098503114,"y":-0.9532656073570252,"z":0.08057960867881775,"w":0.29015547037124636},"size":22.0,"orthographic":false}