{"cameraMode":{"drawMode":0,"name":"Shaded","section":"Shading Mode"},"sceneLighting":false,"audioPlay":false,"sceneViewState":{"showFog":true,"showMaterialUpdate":true,"showSkybox":true,"showFlares":true,"showImageEffects":true,"showParticleSystems":true},"in2DMode":false,"pivot":{"x":-11.01467514038086,"y":-8.31076431274414,"z":41.335140228271487},"rotation":{"x":0.029989050701260568,"y":0.9676517248153687,"z":-0.20810098946094514,"w":0.13944460451602937},"size":52.25579833984375,"orthographic":false}