{"cameraMode":{"drawMode":0,"name":"Shaded","section":"Shading Mode"},"sceneLighting":false,"audioPlay":false,"sceneViewState":{"showFog":true,"showMaterialUpdate":true,"showSkybox":true,"showFlares":true,"showImageEffects":true,"showParticleSystems":true},"in2DMode":false,"pivot":{"x":-18.958282470703126,"y":0.028649568557739259,"z":-1.4539412260055543},"rotation":{"x":0.01117278914898634,"y":-0.7357766628265381,"z":0.012193659320473671,"w":0.6770223379135132},"size":22.0,"orthographic":false}