{"cameraMode":{"drawMode":0,"name":"Shaded","section":"Shading Mode"},"sceneLighting":false,"audioPlay":false,"sceneViewState":{"showFog":true,"showMaterialUpdate":true,"showSkybox":true,"showFlares":true,"showImageEffects":true,"showParticleSystems":true},"in2DMode":false,"pivot":{"x":884.7178955078125,"y":202.8016357421875,"z":-917.7255249023438},"rotation":{"x":-0.0020732609555125238,"y":0.9962453842163086,"z":0.025334706529974939,"w":0.08275909721851349},"size":1050.6026611328125,"orthographic":false}