{"cameraMode":{"drawMode":0,"name":"Shaded","section":"Shading Mode"},"sceneLighting":false,"audioPlay":false,"sceneViewState":{"showFog":true,"showMaterialUpdate":false,"showSkybox":true,"showFlares":true,"showImageEffects":true,"showParticleSystems":true},"in2DMode":false,"pivot":{"x":4.944516181945801,"y":4.010061740875244,"z":4.6910552978515629},"rotation":{"x":-0.003710855031386018,"y":-0.9883143305778503,"z":0.02437795326113701,"w":-0.1504220813512802},"size":22.0,"orthographic":false}