{"cameraMode":{"drawMode":0,"name":"Shaded","section":"Shading Mode"},"sceneLighting":false,"audioPlay":false,"sceneViewState":{"showFog":true,"showMaterialUpdate":false,"showSkybox":true,"showFlares":true,"showImageEffects":true,"showParticleSystems":true},"in2DMode":false,"pivot":{"x":0.046205997467041019,"y":-0.10564613342285156,"z":0.5106549263000488},"rotation":{"x":-0.37306782603263857,"y":0.12804539501667024,"z":-0.052069291472435,"w":-0.9174495339393616},"size":2.8578836917877199,"orthographic":false}