{"cameraMode":{"drawMode":0,"name":"Shaded","section":"Shading Mode"},"sceneLighting":false,"audioPlay":false,"sceneViewState":{"showFog":true,"showMaterialUpdate":false,"showSkybox":true,"showFlares":true,"showImageEffects":true,"showParticleSystems":true},"in2DMode":false,"pivot":{"x":-10.870423316955567,"y":14.068609237670899,"z":73.01026916503906},"rotation":{"x":0.002153836190700531,"y":-0.5992676019668579,"z":-0.0016122227534651757,"w":-0.8005443215370178},"size":52.25580978393555,"orthographic":false}