{"cameraMode":{"drawMode":0,"name":"Shaded","section":"Shading Mode"},"sceneLighting":true,"audioPlay":false,"sceneViewState":{"showFog":true,"showMaterialUpdate":false,"showSkybox":true,"showFlares":true,"showImageEffects":true,"showParticleSystems":true},"in2DMode":false,"pivot":{"x":5.579533576965332,"y":7.863725662231445,"z":194.1199951171875},"rotation":{"x":-0.1301092654466629,"y":0.6890764832496643,"z":-0.12783566117286683,"w":-0.7013581991195679},"size":10.39874267578125,"orthographic":false}