{"cameraMode":{"drawMode":0,"name":"Shaded","section":"Shading Mode"},"sceneLighting":false,"audioPlay":false,"sceneViewState":{"showFog":true,"showMaterialUpdate":false,"showSkybox":true,"showFlares":true,"showImageEffects":true,"showParticleSystems":true},"in2DMode":false,"pivot":{"x":2.3758957386016847,"y":0.9532648921012878,"z":-2.655935287475586},"rotation":{"x":-0.03967336192727089,"y":-0.8979992270469666,"z":0.08278442174196243,"w":-0.43031415343284609},"size":8.106005668640137,"orthographic":false}