{"cameraMode":{"drawMode":0,"name":"Shaded","section":"Shading Mode"},"sceneLighting":false,"audioPlay":false,"sceneViewState":{"showFog":true,"showMaterialUpdate":false,"showSkybox":true,"showFlares":true,"showImageEffects":true,"showParticleSystems":true},"in2DMode":false,"pivot":{"x":56.03314208984375,"y":1.51582932472229,"z":-173.8396453857422},"rotation":{"x":0.004610956180840731,"y":-0.9920280575752258,"z":0.12001892179250717,"w":0.03813892602920532},"size":4.901830673217773,"orthographic":false}