{"cameraMode":{"drawMode":0,"name":"Shaded","section":"Shading Mode"},"sceneLighting":false,"audioPlay":false,"sceneViewState":{"showFog":true,"showMaterialUpdate":false,"showSkybox":true,"showFlares":true,"showImageEffects":true,"showParticleSystems":true},"in2DMode":false,"pivot":{"x":354.2501220703125,"y":171.50001525878907,"z":-0.00006103515625},"rotation":{"x":-0.07977816462516785,"y":-0.058533962815999988,"z":0.004688748624175787,"w":-0.9950815439224243},"size":1429.3963623046875,"orthographic":false}