{"cameraMode":{"drawMode":0,"name":"Shaded","section":"Shading Mode"},"sceneLighting":false,"audioPlay":false,"sceneViewState":{"showFog":true,"showMaterialUpdate":false,"showSkybox":true,"showFlares":true,"showImageEffects":true,"showParticleSystems":true},"in2DMode":false,"pivot":{"x":13.779886245727539,"y":-3.138995409011841,"z":-6.7155866622924809},"rotation":{"x":-0.07336734235286713,"y":-0.8360016942024231,"z":0.11541572213172913,"w":-0.5314109921455383},"size":22.0,"orthographic":false}