{"cameraMode":{"drawMode":0,"name":"Shaded","section":"Shading Mode"},"sceneLighting":false,"audioPlay":false,"sceneViewState":{"showFog":true,"showMaterialUpdate":false,"showSkybox":true,"showFlares":true,"showImageEffects":true,"showParticleSystems":true},"in2DMode":false,"pivot":{"x":17.330093383789064,"y":-1.9183952808380128,"z":-3.779662847518921},"rotation":{"x":-0.05419101566076279,"y":-0.7807080149650574,"z":0.0683685839176178,"w":-0.6187763214111328},"size":22.0,"orthographic":false}