{"cameraMode":{"drawMode":0,"name":"Shaded","section":"Shading Mode"},"sceneLighting":false,"audioPlay":false,"sceneViewState":{"showFog":true,"showMaterialUpdate":false,"showSkybox":true,"showFlares":true,"showImageEffects":true,"showParticleSystems":true},"in2DMode":false,"pivot":{"x":8.727314949035645,"y":-5.194173336029053,"z":169.13641357421876},"rotation":{"x":0.18618784844875337,"y":0.6661211252212524,"z":-0.17713183164596559,"w":0.7001722455024719},"size":22.0,"orthographic":false}