{"cameraMode":{"drawMode":0,"name":"Shaded","section":"Shading Mode"},"sceneLighting":false,"audioPlay":false,"sceneViewState":{"showFog":true,"showMaterialUpdate":false,"showSkybox":true,"showFlares":true,"showImageEffects":true,"showParticleSystems":true},"in2DMode":false,"pivot":{"x":205.9036865234375,"y":457.1272888183594,"z":10.891155242919922},"rotation":{"x":-0.18621790409088136,"y":0.14797089993953706,"z":-0.028385238721966745,"w":-0.9708871841430664},"size":402.90081787109377,"orthographic":false}