{"cameraMode":{"drawMode":0,"name":"Shaded","section":"Shading Mode"},"sceneLighting":false,"audioPlay":false,"sceneViewState":{"showFog":true,"showMaterialUpdate":false,"showSkybox":true,"showFlares":true,"showImageEffects":true,"showParticleSystems":true},"in2DMode":false,"pivot":{"x":4.667985916137695,"y":0.3819471299648285,"z":-15.964613914489746},"rotation":{"x":0.007150534074753523,"y":0.9658287167549133,"z":-0.02678236924111843,"w":0.25769472122192385},"size":22.989999771118165,"orthographic":false}