{"cameraMode":{"drawMode":0,"name":"Shaded","section":"Shading Mode"},"sceneLighting":false,"audioPlay":false,"sceneViewState":{"showFog":true,"showMaterialUpdate":false,"showSkybox":true,"showFlares":true,"showImageEffects":true,"showParticleSystems":true},"in2DMode":false,"pivot":{"x":-13.35615062713623,"y":0.0,"z":182.1739959716797},"rotation":{"x":-0.07260940223932266,"y":0.03947027027606964,"z":-0.0028808710630983116,"w":-0.9965749979019165},"size":45.756202697753909,"orthographic":false}