{"cameraMode":{"drawMode":0,"name":"Shaded","section":"Shading Mode"},"sceneLighting":false,"audioPlay":false,"sceneViewState":{"showFog":true,"showMaterialUpdate":false,"showSkybox":true,"showFlares":true,"showImageEffects":true,"showParticleSystems":true},"in2DMode":false,"pivot":{"x":-14.12939453125,"y":2.719989538192749,"z":6.807181358337402},"rotation":{"x":0.042605336755514148,"y":0.6337079405784607,"z":0.0349867083132267,"w":-0.7716054916381836},"size":19.729692459106447,"orthographic":false}