{"cameraMode":{"drawMode":0,"name":"Shaded","section":"Shading Mode"},"sceneLighting":false,"audioPlay":false,"sceneViewState":{"showFog":true,"showMaterialUpdate":false,"showSkybox":true,"showFlares":true,"showImageEffects":true,"showParticleSystems":true},"in2DMode":false,"pivot":{"x":10.450237274169922,"y":-4.328464984893799,"z":162.3839569091797},"rotation":{"x":-0.11623095721006394,"y":-0.8325299024581909,"z":0.19089742004871369,"w":-0.5068949460983276},"size":22.0,"orthographic":false}