{"cameraMode":{"drawMode":0,"name":"Shaded","section":"Shading Mode"},"sceneLighting":false,"audioPlay":false,"sceneViewState":{"showFog":true,"showMaterialUpdate":false,"showSkybox":true,"showFlares":true,"showImageEffects":true,"showParticleSystems":true},"in2DMode":false,"pivot":{"x":655.4909057617188,"y":252.71669006347657,"z":161.89572143554688},"rotation":{"x":-0.14926783740520478,"y":0.09304102510213852,"z":-0.01411353051662445,"w":-0.9843085408210754},"size":1641.0367431640625,"orthographic":false}