{"cameraMode":{"drawMode":0,"name":"Shaded","section":"Shading Mode"},"sceneLighting":false,"audioPlay":false,"sceneViewState":{"showFog":true,"showMaterialUpdate":false,"showSkybox":true,"showFlares":true,"showImageEffects":true,"showParticleSystems":true},"in2DMode":false,"pivot":{"x":0.8062999248504639,"y":0.48678433895111086,"z":0.050482213497161868},"rotation":{"x":-0.08812331408262253,"y":0.6928176283836365,"z":-0.08593083918094635,"w":-0.7105307579040527},"size":5.300374507904053,"orthographic":false}