{"cameraMode":{"drawMode":0,"name":"Shaded","section":"Shading Mode"},"sceneLighting":false,"audioPlay":false,"sceneViewState":{"showFog":true,"showMaterialUpdate":false,"showSkybox":true,"showFlares":true,"showImageEffects":true,"showParticleSystems":true},"in2DMode":false,"pivot":{"x":0.0,"y":-0.08532914519309998,"z":-0.11294570565223694},"rotation":{"x":-0.04867851734161377,"y":0.9490817189216614,"z":-0.25095075368881228,"w":-0.1841144859790802},"size":4.0943684577941898,"orthographic":false}