{"cameraMode":{"drawMode":0,"name":"Shaded","section":"Shading Mode"},"sceneLighting":false,"audioPlay":false,"sceneViewState":{"showFog":true,"showMaterialUpdate":false,"showSkybox":true,"showFlares":true,"showImageEffects":true,"showParticleSystems":true},"in2DMode":false,"pivot":{"x":482.2744445800781,"y":213.79544067382813,"z":81.86383056640625},"rotation":{"x":-0.06335479021072388,"y":-0.05710897594690323,"z":0.0036273219157010319,"w":-0.9963491559028626},"size":1035.5618896484375,"orthographic":false}