{"cameraMode":{"drawMode":0,"name":"Shaded","section":"Shading Mode"},"sceneLighting":false,"audioPlay":false,"sceneViewState":{"showFog":true,"showMaterialUpdate":false,"showSkybox":true,"showFlares":true,"showImageEffects":true,"showParticleSystems":true},"in2DMode":false,"pivot":{"x":-0.2563443183898926,"y":0.7201084494590759,"z":0.4871438443660736},"rotation":{"x":0.04917602986097336,"y":-0.7364282011985779,"z":-0.0538487434387207,"w":-0.6725738644599915},"size":3.4197866916656496,"orthographic":false}