{"cameraMode":{"drawMode":0,"name":"Shaded","section":"Shading Mode"},"sceneLighting":false,"audioPlay":false,"sceneViewState":{"showFog":true,"showMaterialUpdate":false,"showSkybox":true,"showFlares":true,"showImageEffects":true,"showParticleSystems":true},"in2DMode":false,"pivot":{"x":6.468363285064697,"y":6.2014288902282719,"z":-10.592689514160157},"rotation":{"x":-0.17009155452251435,"y":0.23028267920017243,"z":-0.04092186316847801,"w":-0.9572691321372986},"size":2.728386640548706,"orthographic":false}