{"cameraMode":{"drawMode":0,"name":"Shaded","section":"Shading Mode"},"sceneLighting":false,"audioPlay":false,"sceneViewState":{"showFog":true,"showMaterialUpdate":false,"showSkybox":true,"showFlares":true,"showImageEffects":true,"showParticleSystems":true},"in2DMode":false,"pivot":{"x":0.7262320518493652,"y":0.04460620880126953,"z":0.14259588718414308},"rotation":{"x":-0.14527446031570435,"y":-0.767168402671814,"z":0.18694519996643067,"w":-0.596153974533081},"size":2.3083391189575197,"orthographic":false}